customer_id,name,email,age,gender,income_level,registration_date
1,Customer_1,customer1@example.com,23,F,Medium,2024-09-11
2,Customer_2,customer2@example.com,25,M,High,2024-01-30
3,Customer_3,customer3@example.com,46,M,Low,2024-09-20
4,Customer_4,customer4@example.com,65,M,High,2024-04-07
5,Customer_5,customer5@example.com,68,M,Medium,2024-11-08
6,Customer_6,customer6@example.com,50,F,High,2024-11-24
7,Customer_7,customer7@example.com,20,M,Low,2024-04-24
8,Customer_8,customer8@example.com,77,M,Low,2024-10-02
9,Customer_9,customer9@example.com,52,F,High,2024-10-07
10,Customer_10,customer10@example.com,22,F,Medium,2024-10-01
11,Customer_11,customer11@example.com,44,F,High,2024-09-17
12,Customer_12,customer12@example.com,61,M,Medium,2024-11-26
13,Customer_13,customer13@example.com,29,F,Medium,2024-07-25
14,Customer_14,customer14@example.com,37,F,High,2024-11-23
15,Customer_15,customer15@example.com,62,M,Medium,2024-07-29
16,Customer_16,customer16@example.com,37,M,Low,2024-08-02
17,Customer_17,customer17@example.com,26,F,High,2024-02-09
18,Customer_18,customer18@example.com,56,M,Medium,2024-01-26
19,Customer_19,customer19@example.com,21,F,Low,2024-01-27
20,Customer_20,customer20@example.com,68,F,High,2024-07-08
21,Customer_21,customer21@example.com,71,M,Low,2024-03-23
22,Customer_22,customer22@example.com,36,F,Low,2024-06-18
23,Customer_23,customer23@example.com,55,M,Low,2024-06-15
24,Customer_24,customer24@example.com,44,M,Medium,2024-07-06
25,Customer_25,customer25@example.com,62,M,High,2024-06-17
26,Customer_26,customer26@example.com,60,F,High,2024-10-15
27,Customer_27,customer27@example.com,30,M,Medium,2024-08-16
28,Customer_28,customer28@example.com,30,M,High,2024-04-06
29,Customer_29,customer29@example.com,77,F,Low,2024-01-16
30,Customer_30,customer30@example.com,74,F,High,2024-10-05
31,Customer_31,customer31@example.com,39,F,Medium,2024-05-14
32,Customer_32,customer32@example.com,45,F,Low,2024-01-26
33,Customer_33,customer33@example.com,69,M,Medium,2024-12-17
34,Customer_34,customer34@example.com,64,M,Low,2024-01-12
35,Customer_35,customer35@example.com,70,M,Low,2024-03-12
36,Customer_36,customer36@example.com,62,F,High,2024-05-12
37,Customer_37,customer37@example.com,39,F,Low,2024-04-15
38,Customer_38,customer38@example.com,60,M,Medium,2024-08-07
39,Customer_39,customer39@example.com,36,F,High,2024-06-25
40,Customer_40,customer40@example.com,25,F,Medium,2024-10-08
41,Customer_41,customer41@example.com,69,M,Low,2024-05-12
42,Customer_42,customer42@example.com,25,M,Medium,2024-01-22
43,Customer_43,customer43@example.com,59,F,Medium,2024-09-25
44,Customer_44,customer44@example.com,43,F,Low,2024-06-09
45,Customer_45,customer45@example.com,65,F,High,2024-04-16
46,Customer_46,customer46@example.com,68,M,Medium,2024-10-05
47,Customer_47,customer47@example.com,43,M,Low,2024-12-18
48,Customer_48,customer48@example.com,40,M,High,2024-08-22
49,Customer_49,customer49@example.com,60,M,High,2024-01-18
50,Customer_50,customer50@example.com,30,M,High,2024-08-29
51,Customer_51,customer51@example.com,45,F,Medium,2024-04-26
52,Customer_52,customer52@example.com,26,F,Medium,2024-10-12
53,Customer_53,customer53@example.com,37,F,Medium,2024-10-08
54,Customer_54,customer54@example.com,73,M,High,2024-05-23
55,Customer_55,customer55@example.com,36,M,Medium,2024-07-23
56,Customer_56,customer56@example.com,65,M,Low,2024-02-08
57,Customer_57,customer57@example.com,56,F,Medium,2024-06-02
58,Customer_58,customer58@example.com,68,M,Medium,2024-06-24
59,Customer_59,customer59@example.com,29,M,High,2024-08-28
60,Customer_60,customer60@example.com,32,F,Medium,2024-05-13
61,Customer_61,customer61@example.com,48,M,Low,2024-02-15
62,Customer_62,customer62@example.com,72,F,High,2024-02-19
63,Customer_63,customer63@example.com,31,M,Low,2024-06-14
64,Customer_64,customer64@example.com,28,M,High,2024-04-15
65,Customer_65,customer65@example.com,43,F,High,2024-08-03
66,Customer_66,customer66@example.com,59,F,Medium,2024-05-25
67,Customer_67,customer67@example.com,44,F,Low,2024-03-12
68,Customer_68,customer68@example.com,28,F,High,2024-11-25
69,Customer_69,customer69@example.com,55,F,Medium,2024-09-29
70,Customer_70,customer70@example.com,51,F,High,2024-09-03
71,Customer_71,customer71@example.com,60,M,High,2024-07-04
72,Customer_72,customer72@example.com,36,M,High,2024-03-10
73,Customer_73,customer73@example.com,23,F,High,2024-05-29
74,Customer_74,customer74@example.com,63,M,High,2024-09-02
75,Customer_75,customer75@example.com,69,F,High,2024-09-18
76,Customer_76,customer76@example.com,55,M,Medium,2024-01-26
77,Customer_77,customer77@example.com,66,F,High,2024-05-19
78,Customer_78,customer78@example.com,59,M,Low,2024-04-08
79,Customer_79,customer79@example.com,45,M,Medium,2024-10-04
80,Customer_80,customer80@example.com,18,M,Low,2024-02-20
81,Customer_81,customer81@example.com,52,M,High,2024-05-30
82,Customer_82,customer82@example.com,57,M,Low,2024-04-13
83,Customer_83,customer83@example.com,25,F,High,2024-03-29
84,Customer_84,customer84@example.com,76,F,High,2024-05-20
85,Customer_85,customer85@example.com,69,F,Medium,2024-07-31
86,Customer_86,customer86@example.com,71,M,Medium,2024-08-20
87,Customer_87,customer87@example.com,64,F,High,2024-07-01
88,Customer_88,customer88@example.com,73,M,Medium,2024-09-07
89,Customer_89,customer89@example.com,24,M,Low,2024-01-09
90,Customer_90,customer90@example.com,28,M,Medium,2024-03-19
91,Customer_91,customer91@example.com,56,F,Medium,2024-02-21
92,Customer_92,customer92@example.com,78,M,Low,2024-09-25
93,Customer_93,customer93@example.com,21,F,Medium,2024-08-13
94,Customer_94,customer94@example.com,42,F,High,2024-02-20
95,Customer_95,customer95@example.com,29,M,Low,2024-07-04
96,Customer_96,customer96@example.com,43,M,High,2024-02-03
97,Customer_97,customer97@example.com,55,F,Low,2024-10-17
98,Customer_98,customer98@example.com,63,F,High,2024-08-17
99,Customer_99,customer99@example.com,29,F,High,2024-05-10
100,Customer_100,customer100@example.com,60,F,Medium,2024-04-29
101,Customer_101,customer101@example.com,68,F,High,2024-11-21
102,Customer_102,customer102@example.com,70,F,Medium,2024-09-03
103,Customer_103,customer103@example.com,54,M,Low,2024-07-10
104,Customer_104,customer104@example.com,63,F,High,2024-11-18
105,Customer_105,customer105@example.com,70,F,High,2024-07-28
106,Customer_106,customer106@example.com,41,F,Low,2024-04-12
107,Customer_107,customer107@example.com,33,F,Low,2024-11-24
108,Customer_108,customer108@example.com,74,M,High,2024-05-12
109,Customer_109,customer109@example.com,30,M,Low,2024-11-18
110,Customer_110,customer110@example.com,42,F,Medium,2024-05-18
111,Customer_111,customer111@example.com,78,F,Low,2024-04-30
112,Customer_112,customer112@example.com,71,F,Low,2024-04-03
113,Customer_113,customer113@example.com,71,M,High,2024-05-08
114,Customer_114,customer114@example.com,74,M,Medium,2024-03-31
115,Customer_115,customer115@example.com,69,M,Low,2024-04-01
116,Customer_116,customer116@example.com,71,M,Medium,2024-03-03
117,Customer_117,customer117@example.com,21,M,Medium,2024-01-29
118,Customer_118,customer118@example.com,28,M,Medium,2024-07-28
119,Customer_119,customer119@example.com,49,F,High,2024-01-12
120,Customer_120,customer120@example.com,66,M,Low,2024-11-28
121,Customer_121,customer121@example.com,24,M,High,2024-10-23
122,Customer_122,customer122@example.com,63,F,Low,2024-05-09
123,Customer_123,customer123@example.com,75,M,Low,2024-10-19
124,Customer_124,customer124@example.com,28,F,High,2024-06-21
125,Customer_125,customer125@example.com,45,M,Medium,2024-07-26
126,Customer_126,customer126@example.com,71,F,Medium,2024-01-24
127,Customer_127,customer127@example.com,58,F,Low,2024-04-08
128,Customer_128,customer128@example.com,40,F,High,2024-12-21
129,Customer_129,customer129@example.com,62,F,Medium,2024-05-18
130,Customer_130,customer130@example.com,40,F,Medium,2024-11-09
131,Customer_131,customer131@example.com,67,M,Low,2024-06-22
132,Customer_132,customer132@example.com,45,M,Low,2024-01-29
133,Customer_133,customer133@example.com,60,F,High,2024-05-22
134,Customer_134,customer134@example.com,64,F,Low,2024-11-11
135,Customer_135,customer135@example.com,74,F,Medium,2024-12-16
136,Customer_136,customer136@example.com,43,M,Medium,2024-02-11
137,Customer_137,customer137@example.com,42,F,Medium,2024-10-25
138,Customer_138,customer138@example.com,71,F,Medium,2024-07-26
139,Customer_139,customer139@example.com,46,F,High,2024-11-25
140,Customer_140,customer140@example.com,36,F,High,2024-07-10
141,Customer_141,customer141@example.com,50,M,Low,2024-06-08
142,Customer_142,customer142@example.com,53,F,Low,2024-03-04
143,Customer_143,customer143@example.com,31,F,Low,2024-08-30
144,Customer_144,customer144@example.com,31,M,High,2024-09-14
145,Customer_145,customer145@example.com,52,F,Medium,2024-05-31
146,Customer_146,customer146@example.com,47,F,Low,2024-08-02
147,Customer_147,customer147@example.com,45,M,Medium,2024-11-17
148,Customer_148,customer148@example.com,34,M,Low,2024-06-14
149,Customer_149,customer149@example.com,20,M,Low,2024-01-31
150,Customer_150,customer150@example.com,33,F,Low,2024-08-19
151,Customer_151,customer151@example.com,63,F,Low,2024-10-08
152,Customer_152,customer152@example.com,47,M,Low,2024-01-29
153,Customer_153,customer153@example.com,69,M,Medium,2024-07-13
154,Customer_154,customer154@example.com,46,M,Low,2024-11-29
155,Customer_155,customer155@example.com,62,F,Medium,2024-09-12
156,Customer_156,customer156@example.com,32,F,High,2024-10-07
157,Customer_157,customer157@example.com,63,M,Low,2024-10-30
158,Customer_158,customer158@example.com,73,F,Medium,2024-11-16
159,Customer_159,customer159@example.com,42,M,High,2024-11-18
160,Customer_160,customer160@example.com,68,F,High,2024-12-11
161,Customer_161,customer161@example.com,55,F,High,2024-10-20
162,Customer_162,customer162@example.com,59,F,Medium,2024-03-27
163,Customer_163,customer163@example.com,76,F,Low,2024-05-28
164,Customer_164,customer164@example.com,64,M,Low,2024-09-05
165,Customer_165,customer165@example.com,70,F,Medium,2024-11-16
166,Customer_166,customer166@example.com,71,F,Low,2024-10-09
167,Customer_167,customer167@example.com,69,M,Medium,2024-12-27
168,Customer_168,customer168@example.com,75,F,Low,2024-07-16
169,Customer_169,customer169@example.com,55,M,High,2024-02-13
170,Customer_170,customer170@example.com,40,M,Low,2024-12-21
171,Customer_171,customer171@example.com,42,F,Medium,2024-01-28
172,Customer_172,customer172@example.com,59,F,Medium,2024-01-17
173,Customer_173,customer173@example.com,24,M,High,2024-05-06
174,Customer_174,customer174@example.com,39,M,Medium,2024-06-16
175,Customer_175,customer175@example.com,34,M,Low,2024-08-31
176,Customer_176,customer176@example.com,35,F,Low,2024-03-16
177,Customer_177,customer177@example.com,66,M,High,2024-08-18
178,Customer_178,customer178@example.com,58,M,Medium,2024-07-22
179,Customer_179,customer179@example.com,27,M,High,2024-09-04
180,Customer_180,customer180@example.com,27,F,Low,2024-10-28
181,Customer_181,customer181@example.com,74,M,High,2024-08-01
182,Customer_182,customer182@example.com,24,F,Medium,2024-08-02
183,Customer_183,customer183@example.com,65,F,High,2024-06-06
184,Customer_184,customer184@example.com,78,M,Medium,2024-03-09
185,Customer_185,customer185@example.com,67,F,Medium,2024-03-25
186,Customer_186,customer186@example.com,55,M,Low,2024-09-23
187,Customer_187,customer187@example.com,44,F,Low,2024-03-09
188,Customer_188,customer188@example.com,69,F,Low,2024-04-08
189,Customer_189,customer189@example.com,50,M,Medium,2024-12-12
190,Customer_190,customer190@example.com,18,M,High,2024-08-03
191,Customer_191,customer191@example.com,61,M,Medium,2024-06-09
192,Customer_192,customer192@example.com,70,F,Low,2024-04-03
193,Customer_193,customer193@example.com,77,F,Low,2024-06-22
194,Customer_194,customer194@example.com,51,M,High,2024-06-13
195,Customer_195,customer195@example.com,21,M,Low,2024-04-24
196,Customer_196,customer196@example.com,34,F,Low,2024-08-07
197,Customer_197,customer197@example.com,21,F,Low,2024-01-31
198,Customer_198,customer198@example.com,60,F,High,2024-01-11
199,Customer_199,customer199@example.com,71,M,Medium,2024-12-08
200,Customer_200,customer200@example.com,43,F,Low,2024-05-09
201,Customer_201,customer201@example.com,21,M,High,2024-04-14
202,Customer_202,customer202@example.com,18,F,Low,2024-01-27
203,Customer_203,customer203@example.com,24,F,High,2024-08-14
204,Customer_204,customer204@example.com,47,M,Low,2024-01-02
205,Customer_205,customer205@example.com,67,M,High,2024-12-24
206,Customer_206,customer206@example.com,26,M,Low,2024-04-10
207,Customer_207,customer207@example.com,78,F,Medium,2024-01-21
208,Customer_208,customer208@example.com,52,F,Low,2024-02-27
209,Customer_209,customer209@example.com,25,F,High,2024-06-28
210,Customer_210,customer210@example.com,78,M,Low,2024-12-06
211,Customer_211,customer211@example.com,41,F,Medium,2024-12-14
212,Customer_212,customer212@example.com,36,M,Low,2024-01-20
213,Customer_213,customer213@example.com,53,M,High,2024-09-11
214,Customer_214,customer214@example.com,67,M,High,2024-11-12
215,Customer_215,customer215@example.com,69,F,Medium,2024-02-07
216,Customer_216,customer216@example.com,76,F,High,2024-05-27
217,Customer_217,customer217@example.com,60,M,Low,2024-01-25
218,Customer_218,customer218@example.com,44,F,Low,2024-04-30
219,Customer_219,customer219@example.com,49,M,Low,2024-01-26
220,Customer_220,customer220@example.com,31,M,High,2024-06-17
221,Customer_221,customer221@example.com,74,F,Low,2024-11-18
222,Customer_222,customer222@example.com,35,M,Low,2024-08-12
223,Customer_223,customer223@example.com,45,M,Low,2024-01-01
224,Customer_224,customer224@example.com,77,F,Medium,2024-11-02
225,Customer_225,customer225@example.com,46,M,High,2024-09-17
226,Customer_226,customer226@example.com,33,M,High,2024-01-13
227,Customer_227,customer227@example.com,52,M,High,2024-02-17
228,Customer_228,customer228@example.com,64,M,Medium,2024-11-08
229,Customer_229,customer229@example.com,76,M,High,2024-10-17
230,Customer_230,customer230@example.com,76,M,Medium,2024-11-27
231,Customer_231,customer231@example.com,48,M,Medium,2024-04-03
232,Customer_232,customer232@example.com,21,F,High,2024-09-17
233,Customer_233,customer233@example.com,54,F,Low,2024-10-04
234,Customer_234,customer234@example.com,34,M,Low,2024-12-24
235,Customer_235,customer235@example.com,56,M,High,2024-07-23
236,Customer_236,customer236@example.com,65,F,High,2024-07-03
237,Customer_237,customer237@example.com,63,F,Medium,2024-06-23
238,Customer_238,customer238@example.com,43,F,High,2024-11-04
239,Customer_239,customer239@example.com,65,F,Medium,2024-03-09
240,Customer_240,customer240@example.com,56,F,High,2024-04-13
241,Customer_241,customer241@example.com,58,M,Low,2024-09-02
242,Customer_242,customer242@example.com,21,F,Low,2024-06-09
243,Customer_243,customer243@example.com,47,F,High,2024-07-18
244,Customer_244,customer244@example.com,47,F,Medium,2024-08-03
245,Customer_245,customer245@example.com,39,M,Low,2024-07-30
246,Customer_246,customer246@example.com,28,M,Medium,2024-01-16
247,Customer_247,customer247@example.com,19,M,High,2024-11-27
248,Customer_248,customer248@example.com,61,M,High,2024-07-23
249,Customer_249,customer249@example.com,29,M,Low,2024-12-30
250,Customer_250,customer250@example.com,47,M,High,2024-02-08
251,Customer_251,customer251@example.com,53,F,Low,2024-03-29
252,Customer_252,customer252@example.com,35,M,Medium,2024-09-12
253,Customer_253,customer253@example.com,43,M,Low,2024-09-10
254,Customer_254,customer254@example.com,70,F,Low,2024-08-03
255,Customer_255,customer255@example.com,24,M,Medium,2024-10-29
256,Customer_256,customer256@example.com,78,F,Low,2024-06-20
257,Customer_257,customer257@example.com,18,F,Low,2024-05-16
258,Customer_258,customer258@example.com,75,M,High,2024-06-26
259,Customer_259,customer259@example.com,43,F,Medium,2024-03-17
260,Customer_260,customer260@example.com,40,F,Low,2024-07-06
261,Customer_261,customer261@example.com,43,F,Medium,2024-01-15
262,Customer_262,customer262@example.com,62,F,Medium,2024-10-18
263,Customer_263,customer263@example.com,23,M,Low,2024-11-14
264,Customer_264,customer264@example.com,23,F,High,2024-11-20
265,Customer_265,customer265@example.com,61,M,Medium,2024-08-01
266,Customer_266,customer266@example.com,25,F,Low,2024-07-26
267,Customer_267,customer267@example.com,41,F,Medium,2024-06-17
268,Customer_268,customer268@example.com,39,F,High,2024-11-25
269,Customer_269,customer269@example.com,36,M,High,2024-10-06
270,Customer_270,customer270@example.com,54,M,High,2024-10-31
271,Customer_271,customer271@example.com,35,M,Low,2024-05-25
272,Customer_272,customer272@example.com,48,F,Low,2024-09-19
273,Customer_273,customer273@example.com,79,F,High,2024-01-04
274,Customer_274,customer274@example.com,54,F,Low,2024-03-30
275,Customer_275,customer275@example.com,47,F,High,2024-02-29
276,Customer_276,customer276@example.com,74,M,Low,2024-11-06
277,Customer_277,customer277@example.com,59,F,High,2024-01-16
278,Customer_278,customer278@example.com,50,M,Medium,2024-08-14
279,Customer_279,customer279@example.com,27,F,High,2024-01-29
280,Customer_280,customer280@example.com,54,M,High,2024-05-30
281,Customer_281,customer281@example.com,29,M,Low,2024-09-01
282,Customer_282,customer282@example.com,71,F,Low,2024-09-26
283,Customer_283,customer283@example.com,47,F,Low,2024-03-19
284,Customer_284,customer284@example.com,44,M,Low,2024-10-15
285,Customer_285,customer285@example.com,56,F,Low,2024-06-01
286,Customer_286,customer286@example.com,26,F,Low,2024-10-03
287,Customer_287,customer287@example.com,71,M,Medium,2024-10-05
288,Customer_288,customer288@example.com,38,M,High,2024-02-26
289,Customer_289,customer289@example.com,29,M,High,2024-07-04
290,Customer_290,customer290@example.com,72,M,High,2024-04-02
291,Customer_291,customer291@example.com,46,F,Medium,2024-10-02
292,Customer_292,customer292@example.com,50,M,High,2024-06-06
293,Customer_293,customer293@example.com,60,M,Medium,2024-10-01
294,Customer_294,customer294@example.com,79,M,Medium,2024-06-29
295,Customer_295,customer295@example.com,70,F,Medium,2024-12-24
296,Customer_296,customer296@example.com,32,M,High,2024-03-17
297,Customer_297,customer297@example.com,19,F,Medium,2024-05-30
298,Customer_298,customer298@example.com,69,M,High,2024-08-25
299,Customer_299,customer299@example.com,56,M,High,2024-10-15
300,Customer_300,customer300@example.com,70,F,Low,2024-08-18
301,Customer_301,customer301@example.com,61,M,Low,2024-01-18
302,Customer_302,customer302@example.com,71,M,Medium,2024-03-13
303,Customer_303,customer303@example.com,35,F,Medium,2024-07-07
304,Customer_304,customer304@example.com,20,M,High,2024-01-17
305,Customer_305,customer305@example.com,24,M,Medium,2024-01-19
306,Customer_306,customer306@example.com,60,M,Medium,2024-08-06
307,Customer_307,customer307@example.com,35,M,High,2024-11-21
308,Customer_308,customer308@example.com,61,F,Medium,2024-04-29
309,Customer_309,customer309@example.com,55,M,Medium,2024-04-10
310,Customer_310,customer310@example.com,54,F,High,2024-02-03
311,Customer_311,customer311@example.com,75,M,High,2024-03-24
312,Customer_312,customer312@example.com,50,F,Low,2024-07-14
313,Customer_313,customer313@example.com,61,M,High,2024-11-25
314,Customer_314,customer314@example.com,76,F,Low,2024-07-20
315,Customer_315,customer315@example.com,48,M,Medium,2024-12-09
316,Customer_316,customer316@example.com,75,F,High,2024-12-06
317,Customer_317,customer317@example.com,28,F,High,2024-01-11
318,Customer_318,customer318@example.com,21,M,High,2024-12-12
319,Customer_319,customer319@example.com,76,F,Medium,2024-08-05
320,Customer_320,customer320@example.com,35,M,Low,2024-09-09
321,Customer_321,customer321@example.com,21,M,Medium,2024-08-09
322,Customer_322,customer322@example.com,66,M,Medium,2024-03-20
323,Customer_323,customer323@example.com,51,M,High,2024-01-07
324,Customer_324,customer324@example.com,46,M,Low,2024-09-28
325,Customer_325,customer325@example.com,41,F,Medium,2024-08-14
326,Customer_326,customer326@example.com,39,M,High,2024-01-16
327,Customer_327,customer327@example.com,19,M,Medium,2024-01-12
328,Customer_328,customer328@example.com,61,M,Medium,2024-10-17
329,Customer_329,customer329@example.com,23,M,High,2024-08-28
330,Customer_330,customer330@example.com,59,M,High,2024-01-21
331,Customer_331,customer331@example.com,42,M,Low,2024-06-26
332,Customer_332,customer332@example.com,72,F,Medium,2024-08-15
333,Customer_333,customer333@example.com,74,F,High,2024-09-29
334,Customer_334,customer334@example.com,38,M,High,2024-10-14
335,Customer_335,customer335@example.com,72,F,Low,2024-10-23
336,Customer_336,customer336@example.com,76,M,Low,2024-05-13
337,Customer_337,customer337@example.com,33,M,High,2024-10-09
338,Customer_338,customer338@example.com,48,M,Low,2024-06-01
339,Customer_339,customer339@example.com,31,M,High,2024-03-06
340,Customer_340,customer340@example.com,56,M,Medium,2024-05-16
341,Customer_341,customer341@example.com,45,F,Low,2024-04-01
342,Customer_342,customer342@example.com,49,F,Medium,2024-11-12
343,Customer_343,customer343@example.com,45,F,Medium,2024-09-15
344,Customer_344,customer344@example.com,68,F,Medium,2024-04-12
345,Customer_345,customer345@example.com,72,M,High,2024-02-24
346,Customer_346,customer346@example.com,66,F,Medium,2024-09-13
347,Customer_347,customer347@example.com,26,M,Medium,2024-04-10
348,Customer_348,customer348@example.com,75,F,Medium,2024-07-16
349,Customer_349,customer349@example.com,62,F,High,2024-10-27
350,Customer_350,customer350@example.com,39,F,Medium,2024-08-13
351,Customer_351,customer351@example.com,49,F,Medium,2024-08-24
352,Customer_352,customer352@example.com,22,M,Low,2024-01-26
353,Customer_353,customer353@example.com,40,F,High,2024-04-30
354,Customer_354,customer354@example.com,22,F,Medium,2024-06-30
355,Customer_355,customer355@example.com,59,M,Low,2024-07-17
356,Customer_356,customer356@example.com,70,M,High,2024-10-28
357,Customer_357,customer357@example.com,49,F,High,2024-09-11
358,Customer_358,customer358@example.com,76,M,High,2024-05-01
359,Customer_359,customer359@example.com,27,M,High,2024-01-31
360,Customer_360,customer360@example.com,76,M,High,2024-11-10
361,Customer_361,customer361@example.com,56,F,High,2024-10-11
362,Customer_362,customer362@example.com,75,M,Medium,2024-04-15
363,Customer_363,customer363@example.com,32,F,Medium,2024-08-11
364,Customer_364,customer364@example.com,24,F,Medium,2024-09-29
365,Customer_365,customer365@example.com,46,F,Medium,2024-08-19
366,Customer_366,customer366@example.com,76,F,Low,2024-09-12
367,Customer_367,customer367@example.com,64,M,Medium,2024-01-24
368,Customer_368,customer368@example.com,20,F,High,2024-04-18
369,Customer_369,customer369@example.com,36,M,Medium,2024-07-09
370,Customer_370,customer370@example.com,27,F,Medium,2024-12-12
371,Customer_371,customer371@example.com,45,M,High,2024-01-25
372,Customer_372,customer372@example.com,46,F,Medium,2024-07-05
373,Customer_373,customer373@example.com,32,M,Medium,2024-10-14
374,Customer_374,customer374@example.com,52,F,Medium,2024-04-25
375,Customer_375,customer375@example.com,23,F,Low,2024-12-03
376,Customer_376,customer376@example.com,29,M,Medium,2024-12-31
377,Customer_377,customer377@example.com,64,F,High,2024-02-06
378,Customer_378,customer378@example.com,55,F,High,2024-10-08
379,Customer_379,customer379@example.com,30,F,Medium,2024-05-16
380,Customer_380,customer380@example.com,46,M,Medium,2024-08-14
381,Customer_381,customer381@example.com,36,F,Medium,2024-11-15
382,Customer_382,customer382@example.com,20,F,High,2024-11-23
383,Customer_383,customer383@example.com,25,M,High,2024-06-30
384,Customer_384,customer384@example.com,25,M,Low,2024-12-27
385,Customer_385,customer385@example.com,72,M,Low,2024-03-26
386,Customer_386,customer386@example.com,75,M,Low,2024-02-22
387,Customer_387,customer387@example.com,37,M,High,2024-12-13
388,Customer_388,customer388@example.com,64,F,Low,2024-12-20
389,Customer_389,customer389@example.com,21,F,Medium,2024-08-22
390,Customer_390,customer390@example.com,68,F,Medium,2024-09-23
391,Customer_391,customer391@example.com,38,M,High,2024-10-13
392,Customer_392,customer392@example.com,20,F,Low,2024-04-09
393,Customer_393,customer393@example.com,62,M,Medium,2024-03-27
394,Customer_394,customer394@example.com,25,M,High,2024-01-15
395,Customer_395,customer395@example.com,40,F,Low,2024-04-10
396,Customer_396,customer396@example.com,33,M,Medium,2024-06-13
397,Customer_397,customer397@example.com,30,M,Low,2024-01-29
398,Customer_398,customer398@example.com,20,F,High,2024-04-23
399,Customer_399,customer399@example.com,65,M,Low,2024-04-16
400,Customer_400,customer400@example.com,26,M,High,2024-12-29
401,Customer_401,customer401@example.com,77,F,Low,2024-05-09
402,Customer_402,customer402@example.com,31,M,Medium,2024-03-24
403,Customer_403,customer403@example.com,30,M,High,2024-09-27
404,Customer_404,customer404@example.com,70,F,High,2024-08-31
405,Customer_405,customer405@example.com,74,F,High,2024-08-01
406,Customer_406,customer406@example.com,24,F,Low,2024-11-01
407,Customer_407,customer407@example.com,32,F,Low,2024-06-14
408,Customer_408,customer408@example.com,24,M,Medium,2024-10-05
409,Customer_409,customer409@example.com,55,M,High,2024-02-28
410,Customer_410,customer410@example.com,51,F,High,2024-03-30
411,Customer_411,customer411@example.com,58,M,Low,2024-11-26
412,Customer_412,customer412@example.com,39,M,Low,2024-07-12
413,Customer_413,customer413@example.com,41,F,Medium,2024-05-02
414,Customer_414,customer414@example.com,66,F,Medium,2024-05-15
415,Customer_415,customer415@example.com,54,M,Low,2024-05-18
416,Customer_416,customer416@example.com,61,F,High,2024-08-16
417,Customer_417,customer417@example.com,18,F,Medium,2024-09-30
418,Customer_418,customer418@example.com,27,F,Low,2024-02-19
419,Customer_419,customer419@example.com,60,M,Low,2024-04-27
420,Customer_420,customer420@example.com,33,F,High,2024-07-20
421,Customer_421,customer421@example.com,63,M,Low,2024-07-09
422,Customer_422,customer422@example.com,25,M,Low,2024-12-29
423,Customer_423,customer423@example.com,73,M,Medium,2024-11-18
424,Customer_424,customer424@example.com,66,F,Low,2024-06-29
425,Customer_425,customer425@example.com,42,F,Low,2024-03-18
426,Customer_426,customer426@example.com,67,F,Medium,2024-03-15
427,Customer_427,customer427@example.com,29,F,High,2024-10-21
428,Customer_428,customer428@example.com,42,F,High,2024-10-07
429,Customer_429,customer429@example.com,34,M,Medium,2024-01-21
430,Customer_430,customer430@example.com,77,M,Medium,2024-06-19
431,Customer_431,customer431@example.com,43,M,High,2024-01-15
432,Customer_432,customer432@example.com,63,F,High,2024-07-29
433,Customer_433,customer433@example.com,65,M,High,2024-02-17
434,Customer_434,customer434@example.com,31,M,High,2024-03-26
435,Customer_435,customer435@example.com,58,F,High,2024-05-28
436,Customer_436,customer436@example.com,53,F,Medium,2024-07-06
437,Customer_437,customer437@example.com,74,M,Low,2024-11-01
438,Customer_438,customer438@example.com,40,M,High,2024-05-30
439,Customer_439,customer439@example.com,60,F,High,2024-05-20
440,Customer_440,customer440@example.com,23,F,Low,2024-03-09
441,Customer_441,customer441@example.com,64,F,Low,2024-09-16
442,Customer_442,customer442@example.com,22,F,Low,2024-11-29
443,Customer_443,customer443@example.com,60,M,Low,2024-01-09
444,Customer_444,customer444@example.com,42,M,Low,2024-04-30
445,Customer_445,customer445@example.com,35,F,Low,2024-04-10
446,Customer_446,customer446@example.com,79,M,Medium,2024-05-28
447,Customer_447,customer447@example.com,30,M,Low,2024-05-25
448,Customer_448,customer448@example.com,60,F,Low,2024-12-18
449,Customer_449,customer449@example.com,31,M,Medium,2024-08-30
450,Customer_450,customer450@example.com,45,M,Low,2024-08-28
451,Customer_451,customer451@example.com,35,M,High,2024-12-02
452,Customer_452,customer452@example.com,76,F,High,2024-02-12
453,Customer_453,customer453@example.com,77,F,Low,2024-04-04
454,Customer_454,customer454@example.com,74,M,Medium,2024-08-13
455,Customer_455,customer455@example.com,45,F,High,2024-01-06
456,Customer_456,customer456@example.com,68,F,Medium,2024-08-01
457,Customer_457,customer457@example.com,73,F,High,2024-07-24
458,Customer_458,customer458@example.com,44,M,Low,2024-03-07
459,Customer_459,customer459@example.com,49,M,Medium,2024-04-09
460,Customer_460,customer460@example.com,64,F,Medium,2024-01-12
461,Customer_461,customer461@example.com,26,M,Medium,2024-08-24
462,Customer_462,customer462@example.com,57,M,High,2024-11-17
463,Customer_463,customer463@example.com,49,M,High,2024-09-14
464,Customer_464,customer464@example.com,37,M,High,2024-12-02
465,Customer_465,customer465@example.com,45,M,Low,2024-05-14
466,Customer_466,customer466@example.com,50,F,High,2024-08-09
467,Customer_467,customer467@example.com,21,M,Low,2024-06-04
468,Customer_468,customer468@example.com,63,M,Medium,2024-05-21
469,Customer_469,customer469@example.com,74,M,Medium,2024-06-06
470,Customer_470,customer470@example.com,51,F,Low,2024-11-21
471,Customer_471,customer471@example.com,65,F,High,2024-12-09
472,Customer_472,customer472@example.com,20,F,Low,2024-09-18
473,Customer_473,customer473@example.com,43,M,Medium,2024-10-09
474,Customer_474,customer474@example.com,25,F,Medium,2024-12-03
475,Customer_475,customer475@example.com,23,F,Low,2024-12-09
476,Customer_476,customer476@example.com,33,F,High,2024-08-16
477,Customer_477,customer477@example.com,41,F,High,2024-10-06
478,Customer_478,customer478@example.com,65,M,Low,2024-12-23
479,Customer_479,customer479@example.com,56,F,Low,2024-10-16
480,Customer_480,customer480@example.com,47,F,High,2024-06-16
481,Customer_481,customer481@example.com,62,M,Medium,2024-02-16
482,Customer_482,customer482@example.com,30,M,Low,2024-07-21
483,Customer_483,customer483@example.com,22,F,High,2024-08-01
484,Customer_484,customer484@example.com,42,M,High,2024-09-02
485,Customer_485,customer485@example.com,37,F,Medium,2024-01-24
486,Customer_486,customer486@example.com,71,M,Medium,2024-11-16
487,Customer_487,customer487@example.com,35,M,Medium,2024-09-30
488,Customer_488,customer488@example.com,64,F,Medium,2024-02-13
489,Customer_489,customer489@example.com,35,M,Medium,2024-11-27
490,Customer_490,customer490@example.com,19,F,Low,2024-11-08
491,Customer_491,customer491@example.com,27,M,High,2024-12-28
492,Customer_492,customer492@example.com,72,F,Low,2024-06-04
493,Customer_493,customer493@example.com,62,M,Low,2024-07-17
494,Customer_494,customer494@example.com,67,M,Low,2024-06-10
495,Customer_495,customer495@example.com,64,M,Low,2024-08-21
496,Customer_496,customer496@example.com,29,M,Low,2024-06-11
497,Customer_497,customer497@example.com,64,M,Medium,2024-04-25
498,Customer_498,customer498@example.com,30,F,Medium,2024-04-02
499,Customer_499,customer499@example.com,67,M,High,2024-02-11
500,Customer_500,customer500@example.com,64,F,Low,2024-10-10
501,Customer_501,customer501@example.com,74,F,High,2024-07-28
502,Customer_502,customer502@example.com,72,F,Medium,2024-07-24
503,Customer_503,customer503@example.com,28,M,Medium,2024-08-07
504,Customer_504,customer504@example.com,36,F,Medium,2024-10-06
505,Customer_505,customer505@example.com,52,M,Low,2024-05-15
506,Customer_506,customer506@example.com,56,F,Low,2024-04-15
507,Customer_507,customer507@example.com,70,F,Medium,2024-04-27
508,Customer_508,customer508@example.com,43,F,High,2024-08-24
509,Customer_509,customer509@example.com,63,F,High,2024-11-04
510,Customer_510,customer510@example.com,31,F,Medium,2024-04-09
511,Customer_511,customer511@example.com,71,M,High,2024-09-17
512,Customer_512,customer512@example.com,62,F,Medium,2024-10-31
513,Customer_513,customer513@example.com,61,F,High,2024-12-19
514,Customer_514,customer514@example.com,41,M,Medium,2024-10-12
515,Customer_515,customer515@example.com,58,M,High,2024-11-23
516,Customer_516,customer516@example.com,18,M,Low,2024-04-12
517,Customer_517,customer517@example.com,68,F,Medium,2024-03-03
518,Customer_518,customer518@example.com,60,F,Medium,2024-06-23
519,Customer_519,customer519@example.com,72,F,High,2024-10-08
520,Customer_520,customer520@example.com,39,F,Medium,2024-10-19
521,Customer_521,customer521@example.com,40,F,Medium,2024-08-13
522,Customer_522,customer522@example.com,73,F,Medium,2024-01-07
523,Customer_523,customer523@example.com,71,M,Low,2024-05-06
524,Customer_524,customer524@example.com,36,M,Low,2024-04-01
525,Customer_525,customer525@example.com,35,F,High,2024-07-08
526,Customer_526,customer526@example.com,29,F,Low,2024-12-24
527,Customer_527,customer527@example.com,72,F,High,2024-02-22
528,Customer_528,customer528@example.com,45,F,Low,2024-08-29
529,Customer_529,customer529@example.com,45,F,High,2024-05-11
530,Customer_530,customer530@example.com,77,M,Low,2024-12-29
531,Customer_531,customer531@example.com,76,M,Low,2024-04-21
532,Customer_532,customer532@example.com,50,F,High,2024-01-07
533,Customer_533,customer533@example.com,36,M,Medium,2024-08-17
534,Customer_534,customer534@example.com,45,F,Medium,2024-06-04
535,Customer_535,customer535@example.com,76,F,Low,2024-07-15
536,Customer_536,customer536@example.com,69,F,High,2024-11-18
537,Customer_537,customer537@example.com,78,M,Medium,2024-12-29
538,Customer_538,customer538@example.com,79,M,High,2024-08-10
539,Customer_539,customer539@example.com,66,F,Medium,2024-09-06
540,Customer_540,customer540@example.com,54,M,High,2024-03-23
541,Customer_541,customer541@example.com,43,M,Low,2024-08-27
542,Customer_542,customer542@example.com,52,F,High,2024-12-25
543,Customer_543,customer543@example.com,51,M,Medium,2024-11-18
544,Customer_544,customer544@example.com,52,M,Low,2024-09-19
545,Customer_545,customer545@example.com,57,F,High,2024-07-07
546,Customer_546,customer546@example.com,33,F,Medium,2024-12-31
547,Customer_547,customer547@example.com,55,M,Low,2024-10-16
548,Customer_548,customer548@example.com,30,F,High,2024-12-27
549,Customer_549,customer549@example.com,79,M,Medium,2024-02-27
550,Customer_550,customer550@example.com,40,F,High,2024-01-09
551,Customer_551,customer551@example.com,77,F,High,2024-10-30
552,Customer_552,customer552@example.com,71,F,Low,2024-04-24
553,Customer_553,customer553@example.com,39,F,Low,2024-07-28
554,Customer_554,customer554@example.com,33,M,Medium,2024-02-10
555,Customer_555,customer555@example.com,45,F,Low,2024-10-30
556,Customer_556,customer556@example.com,65,F,Medium,2024-06-21
557,Customer_557,customer557@example.com,52,F,High,2024-08-21
558,Customer_558,customer558@example.com,77,M,High,2024-10-07
559,Customer_559,customer559@example.com,62,M,Medium,2024-03-18
560,Customer_560,customer560@example.com,63,F,High,2024-04-17
561,Customer_561,customer561@example.com,25,F,Low,2024-10-07
562,Customer_562,customer562@example.com,61,F,High,2024-02-08
563,Customer_563,customer563@example.com,72,F,Low,2024-04-28
564,Customer_564,customer564@example.com,72,F,Medium,2024-11-30
565,Customer_565,customer565@example.com,39,F,Medium,2024-12-01
566,Customer_566,customer566@example.com,38,M,High,2024-01-27
567,Customer_567,customer567@example.com,43,F,High,2024-04-13
568,Customer_568,customer568@example.com,57,F,Low,2024-03-14
569,Customer_569,customer569@example.com,38,F,Low,2024-07-09
570,Customer_570,customer570@example.com,42,F,High,2024-11-19
571,Customer_571,customer571@example.com,58,F,High,2024-05-26
572,Customer_572,customer572@example.com,18,F,Medium,2024-09-11
573,Customer_573,customer573@example.com,23,M,Medium,2024-10-10
574,Customer_574,customer574@example.com,40,M,Medium,2024-07-31
575,Customer_575,customer575@example.com,68,M,High,2024-05-02
576,Customer_576,customer576@example.com,40,M,High,2024-07-24
577,Customer_577,customer577@example.com,60,M,High,2024-08-27
578,Customer_578,customer578@example.com,60,M,Medium,2024-12-04
579,Customer_579,customer579@example.com,40,F,High,2024-10-12
580,Customer_580,customer580@example.com,49,F,Low,2024-01-22
581,Customer_581,customer581@example.com,47,F,High,2024-09-15
582,Customer_582,customer582@example.com,30,F,High,2024-12-22
583,Customer_583,customer583@example.com,60,F,High,2024-04-14
584,Customer_584,customer584@example.com,35,F,High,2024-09-14
585,Customer_585,customer585@example.com,40,M,High,2024-07-22
586,Customer_586,customer586@example.com,32,F,Low,2024-11-05
587,Customer_587,customer587@example.com,50,M,Low,2024-09-18
588,Customer_588,customer588@example.com,38,M,High,2024-04-16
589,Customer_589,customer589@example.com,74,F,Medium,2024-09-07
590,Customer_590,customer590@example.com,56,F,High,2024-08-08
591,Customer_591,customer591@example.com,40,F,High,2024-08-09
592,Customer_592,customer592@example.com,44,F,High,2024-09-14
593,Customer_593,customer593@example.com,62,F,Medium,2024-07-19
594,Customer_594,customer594@example.com,61,F,Medium,2024-09-14
595,Customer_595,customer595@example.com,35,F,Medium,2024-12-14
596,Customer_596,customer596@example.com,41,M,Low,2024-08-12
597,Customer_597,customer597@example.com,68,F,Medium,2024-07-20
598,Customer_598,customer598@example.com,64,F,Low,2024-08-13
599,Customer_599,customer599@example.com,57,M,Low,2024-08-23
600,Customer_600,customer600@example.com,68,F,Medium,2024-07-01
601,Customer_601,customer601@example.com,59,F,Medium,2024-07-18
602,Customer_602,customer602@example.com,24,M,Medium,2024-12-22
603,Customer_603,customer603@example.com,67,F,Low,2024-09-02
604,Customer_604,customer604@example.com,65,F,High,2024-12-18
605,Customer_605,customer605@example.com,37,F,Medium,2024-04-20
606,Customer_606,customer606@example.com,44,F,Medium,2024-01-06
607,Customer_607,customer607@example.com,23,F,Medium,2024-08-23
608,Customer_608,customer608@example.com,44,F,Low,2024-05-06
609,Customer_609,customer609@example.com,26,M,Low,2024-04-13
610,Customer_610,customer610@example.com,70,F,High,2024-08-24
611,Customer_611,customer611@example.com,62,F,Medium,2024-06-03
612,Customer_612,customer612@example.com,74,M,Low,2024-09-13
613,Customer_613,customer613@example.com,48,M,High,2024-08-22
614,Customer_614,customer614@example.com,38,F,Medium,2024-10-15
615,Customer_615,customer615@example.com,43,M,Low,2024-02-09
616,Customer_616,customer616@example.com,57,F,Medium,2024-10-14
617,Customer_617,customer617@example.com,65,F,Medium,2024-07-15
618,Customer_618,customer618@example.com,62,M,Low,2024-09-29
619,Customer_619,customer619@example.com,30,F,Low,2024-09-20
620,Customer_620,customer620@example.com,66,F,Low,2024-02-26
621,Customer_621,customer621@example.com,40,M,Medium,2024-10-24
622,Customer_622,customer622@example.com,37,M,Medium,2024-04-07
623,Customer_623,customer623@example.com,54,M,High,2024-05-16
624,Customer_624,customer624@example.com,71,M,Medium,2024-03-27
625,Customer_625,customer625@example.com,70,F,Low,2024-08-29
626,Customer_626,customer626@example.com,45,M,Medium,2024-07-17
627,Customer_627,customer627@example.com,34,M,High,2024-11-05
628,Customer_628,customer628@example.com,45,M,High,2024-03-24
629,Customer_629,customer629@example.com,58,M,Low,2024-08-29
630,Customer_630,customer630@example.com,19,M,Low,2024-10-07
631,Customer_631,customer631@example.com,42,F,High,2024-11-18
632,Customer_632,customer632@example.com,75,M,High,2024-09-08
633,Customer_633,customer633@example.com,67,F,High,2024-07-08
634,Customer_634,customer634@example.com,58,M,Low,2024-05-31
635,Customer_635,customer635@example.com,23,M,High,2024-10-28
636,Customer_636,customer636@example.com,28,M,High,2024-10-04
637,Customer_637,customer637@example.com,74,M,Low,2024-05-18
638,Customer_638,customer638@example.com,78,M,Medium,2024-06-24
639,Customer_639,customer639@example.com,55,M,Medium,2024-01-08
640,Customer_640,customer640@example.com,23,M,High,2024-10-21
641,Customer_641,customer641@example.com,62,M,Medium,2024-08-22
642,Customer_642,customer642@example.com,28,F,Medium,2024-06-11
643,Customer_643,customer643@example.com,31,M,Medium,2024-02-18
644,Customer_644,customer644@example.com,19,F,Medium,2024-10-28
645,Customer_645,customer645@example.com,57,M,High,2024-02-07
646,Customer_646,customer646@example.com,20,F,Medium,2024-05-15
647,Customer_647,customer647@example.com,72,M,Medium,2024-11-05
648,Customer_648,customer648@example.com,70,M,Low,2024-08-06
649,Customer_649,customer649@example.com,52,M,High,2024-12-13
650,Customer_650,customer650@example.com,50,F,Low,2024-10-22
651,Customer_651,customer651@example.com,41,F,Low,2024-02-03
652,Customer_652,customer652@example.com,36,F,High,2024-12-17
653,Customer_653,customer653@example.com,35,F,Medium,2024-03-19
654,Customer_654,customer654@example.com,66,M,Low,2024-08-23
655,Customer_655,customer655@example.com,69,M,High,2024-09-29
656,Customer_656,customer656@example.com,78,M,Medium,2024-06-09
657,Customer_657,customer657@example.com,41,F,High,2024-06-23
658,Customer_658,customer658@example.com,62,M,Low,2024-12-31
659,Customer_659,customer659@example.com,52,F,Medium,2024-11-03
660,Customer_660,customer660@example.com,79,F,Medium,2024-08-08
661,Customer_661,customer661@example.com,18,F,High,2024-01-09
662,Customer_662,customer662@example.com,53,F,Medium,2024-10-15
663,Customer_663,customer663@example.com,42,F,Low,2024-04-22
664,Customer_664,customer664@example.com,62,M,Low,2024-07-23
665,Customer_665,customer665@example.com,66,F,Low,2024-07-04
666,Customer_666,customer666@example.com,77,F,High,2024-12-06
667,Customer_667,customer667@example.com,79,M,Medium,2024-07-15
668,Customer_668,customer668@example.com,60,F,Medium,2024-09-22
669,Customer_669,customer669@example.com,51,F,Medium,2024-09-18
670,Customer_670,customer670@example.com,42,M,Low,2024-09-04
671,Customer_671,customer671@example.com,33,M,Medium,2024-04-24
672,Customer_672,customer672@example.com,51,M,Low,2024-04-30
673,Customer_673,customer673@example.com,46,F,Medium,2024-05-20
674,Customer_674,customer674@example.com,36,M,Low,2024-03-05
675,Customer_675,customer675@example.com,40,M,Medium,2024-10-02
676,Customer_676,customer676@example.com,36,M,High,2024-11-08
677,Customer_677,customer677@example.com,42,F,High,2024-08-26
678,Customer_678,customer678@example.com,33,M,Low,2024-10-28
679,Customer_679,customer679@example.com,71,F,Low,2024-01-10
680,Customer_680,customer680@example.com,68,F,Medium,2024-08-20
681,Customer_681,customer681@example.com,26,M,Medium,2024-07-13
682,Customer_682,customer682@example.com,18,F,High,2024-01-12
683,Customer_683,customer683@example.com,59,F,Medium,2024-06-25
684,Customer_684,customer684@example.com,36,M,Low,2024-06-25
685,Customer_685,customer685@example.com,50,F,Low,2024-08-04
686,Customer_686,customer686@example.com,51,M,Low,2024-01-11
687,Customer_687,customer687@example.com,33,F,Low,2024-04-27
688,Customer_688,customer688@example.com,61,F,Low,2024-06-12
689,Customer_689,customer689@example.com,57,M,High,2024-02-08
690,Customer_690,customer690@example.com,72,M,High,2024-02-22
691,Customer_691,customer691@example.com,35,F,Low,2024-08-05
692,Customer_692,customer692@example.com,51,F,Medium,2024-07-24
693,Customer_693,customer693@example.com,42,M,Low,2024-11-07
694,Customer_694,customer694@example.com,78,F,High,2024-12-25
695,Customer_695,customer695@example.com,62,F,Low,2024-02-25
696,Customer_696,customer696@example.com,23,F,High,2024-04-27
697,Customer_697,customer697@example.com,38,F,High,2024-09-09
698,Customer_698,customer698@example.com,75,M,Low,2024-10-12
699,Customer_699,customer699@example.com,23,M,Low,2024-09-24
700,Customer_700,customer700@example.com,49,M,Medium,2024-10-17
701,Customer_701,customer701@example.com,58,M,High,2024-11-28
702,Customer_702,customer702@example.com,65,M,Medium,2024-06-28
703,Customer_703,customer703@example.com,60,M,Low,2024-12-23
704,Customer_704,customer704@example.com,56,F,High,2024-08-22
705,Customer_705,customer705@example.com,48,M,Medium,2024-12-08
706,Customer_706,customer706@example.com,59,F,Medium,2024-07-14
707,Customer_707,customer707@example.com,27,F,Medium,2024-11-03
708,Customer_708,customer708@example.com,47,F,Low,2024-03-20
709,Customer_709,customer709@example.com,74,M,Low,2024-05-14
710,Customer_710,customer710@example.com,69,F,Low,2024-01-22
711,Customer_711,customer711@example.com,35,M,High,2024-11-26
712,Customer_712,customer712@example.com,77,F,Low,2024-08-12
713,Customer_713,customer713@example.com,41,F,High,2024-02-27
714,Customer_714,customer714@example.com,69,M,Medium,2024-04-02
715,Customer_715,customer715@example.com,78,F,Medium,2024-07-10
716,Customer_716,customer716@example.com,26,F,Low,2024-04-12
717,Customer_717,customer717@example.com,48,F,Medium,2024-01-07
718,Customer_718,customer718@example.com,32,F,Low,2024-05-07
719,Customer_719,customer719@example.com,21,M,High,2024-02-24
720,Customer_720,customer720@example.com,57,F,Medium,2024-08-18
721,Customer_721,customer721@example.com,26,F,Low,2024-12-27
722,Customer_722,customer722@example.com,62,M,Medium,2024-03-02
723,Customer_723,customer723@example.com,26,F,Medium,2024-08-27
724,Customer_724,customer724@example.com,43,F,Low,2024-03-30
725,Customer_725,customer725@example.com,21,F,Medium,2024-08-19
726,Customer_726,customer726@example.com,34,F,Medium,2024-08-20
727,Customer_727,customer727@example.com,33,M,Medium,2024-12-19
728,Customer_728,customer728@example.com,32,F,Medium,2024-11-28
729,Customer_729,customer729@example.com,52,M,High,2024-10-18
730,Customer_730,customer730@example.com,74,F,Medium,2024-12-10
731,Customer_731,customer731@example.com,69,F,Medium,2024-05-31
732,Customer_732,customer732@example.com,22,F,Low,2024-05-24
733,Customer_733,customer733@example.com,72,M,High,2024-05-09
734,Customer_734,customer734@example.com,22,F,Low,2024-05-20
735,Customer_735,customer735@example.com,37,F,Low,2024-04-02
736,Customer_736,customer736@example.com,32,M,Low,2024-04-23
737,Customer_737,customer737@example.com,35,M,High,2024-10-10
738,Customer_738,customer738@example.com,64,M,Low,2024-05-22
739,Customer_739,customer739@example.com,19,M,Low,2024-08-10
740,Customer_740,customer740@example.com,46,F,Low,2024-08-19
741,Customer_741,customer741@example.com,30,F,Medium,2024-02-02
742,Customer_742,customer742@example.com,21,F,Low,2024-10-02
743,Customer_743,customer743@example.com,59,F,High,2024-06-18
744,Customer_744,customer744@example.com,62,M,High,2024-05-19
745,Customer_745,customer745@example.com,27,F,Medium,2024-12-22
746,Customer_746,customer746@example.com,78,F,High,2024-07-19
747,Customer_747,customer747@example.com,48,F,High,2024-01-23
748,Customer_748,customer748@example.com,58,F,Medium,2024-08-11
749,Customer_749,customer749@example.com,25,M,Low,2024-09-26
750,Customer_750,customer750@example.com,20,F,Medium,2024-12-12
751,Customer_751,customer751@example.com,65,F,Low,2024-06-01
752,Customer_752,customer752@example.com,63,F,Low,2024-11-28
753,Customer_753,customer753@example.com,26,M,High,2024-03-25
754,Customer_754,customer754@example.com,47,M,Medium,2024-04-18
755,Customer_755,customer755@example.com,70,F,High,2024-01-31
756,Customer_756,customer756@example.com,28,F,High,2024-08-16
757,Customer_757,customer757@example.com,52,F,Low,2024-08-27
758,Customer_758,customer758@example.com,54,M,High,2024-12-28
759,Customer_759,customer759@example.com,78,F,Medium,2024-11-05
760,Customer_760,customer760@example.com,59,F,High,2024-05-20
761,Customer_761,customer761@example.com,30,F,High,2024-06-04
762,Customer_762,customer762@example.com,53,M,Low,2024-10-25
763,Customer_763,customer763@example.com,73,F,Medium,2024-12-10
764,Customer_764,customer764@example.com,30,F,High,2024-04-08
765,Customer_765,customer765@example.com,29,M,Low,2024-02-16
766,Customer_766,customer766@example.com,54,M,High,2024-11-22
767,Customer_767,customer767@example.com,27,F,Medium,2024-03-07
768,Customer_768,customer768@example.com,77,M,High,2024-03-02
769,Customer_769,customer769@example.com,73,F,High,2024-04-18
770,Customer_770,customer770@example.com,26,M,Low,2024-06-15
771,Customer_771,customer771@example.com,69,M,High,2024-02-06
772,Customer_772,customer772@example.com,24,F,Low,2024-04-28
773,Customer_773,customer773@example.com,19,F,Medium,2024-03-26
774,Customer_774,customer774@example.com,71,F,High,2024-02-21
775,Customer_775,customer775@example.com,73,M,Medium,2024-03-31
776,Customer_776,customer776@example.com,77,F,Medium,2024-10-15
777,Customer_777,customer777@example.com,40,F,High,2024-12-02
778,Customer_778,customer778@example.com,56,F,Low,2024-10-24
779,Customer_779,customer779@example.com,57,F,Medium,2024-07-22
780,Customer_780,customer780@example.com,56,F,Medium,2024-08-25
781,Customer_781,customer781@example.com,38,M,High,2024-06-03
782,Customer_782,customer782@example.com,40,F,High,2024-08-27
783,Customer_783,customer783@example.com,46,F,High,2024-05-15
784,Customer_784,customer784@example.com,31,M,High,2024-12-27
785,Customer_785,customer785@example.com,43,F,High,2024-03-04
786,Customer_786,customer786@example.com,68,F,High,2024-05-02
787,Customer_787,customer787@example.com,22,F,Low,2024-09-10
788,Customer_788,customer788@example.com,72,F,Medium,2024-04-23
789,Customer_789,customer789@example.com,48,F,Low,2024-01-20
790,Customer_790,customer790@example.com,42,M,Low,2024-01-16
791,Customer_791,customer791@example.com,48,M,High,2024-05-24
792,Customer_792,customer792@example.com,67,M,Medium,2024-07-26
793,Customer_793,customer793@example.com,37,F,Low,2024-01-19
794,Customer_794,customer794@example.com,61,M,High,2024-06-14
795,Customer_795,customer795@example.com,72,F,High,2024-02-07
796,Customer_796,customer796@example.com,34,F,Medium,2024-06-29
797,Customer_797,customer797@example.com,62,F,Low,2024-12-14
798,Customer_798,customer798@example.com,19,M,Low,2024-04-14
799,Customer_799,customer799@example.com,42,M,Low,2024-04-09
800,Customer_800,customer800@example.com,30,M,High,2024-03-30
801,Customer_801,customer801@example.com,75,F,Medium,2024-10-26
802,Customer_802,customer802@example.com,56,M,Medium,2024-11-27
803,Customer_803,customer803@example.com,45,F,Low,2024-03-19
804,Customer_804,customer804@example.com,59,M,High,2024-03-13
805,Customer_805,customer805@example.com,72,M,Low,2024-06-24
806,Customer_806,customer806@example.com,23,F,Medium,2024-04-05
807,Customer_807,customer807@example.com,20,F,High,2024-12-10
808,Customer_808,customer808@example.com,75,M,Low,2024-04-12
809,Customer_809,customer809@example.com,52,M,Low,2024-08-11
810,Customer_810,customer810@example.com,35,M,High,2024-01-06
811,Customer_811,customer811@example.com,28,F,Medium,2024-05-01
812,Customer_812,customer812@example.com,71,F,High,2024-08-23
813,Customer_813,customer813@example.com,37,M,Low,2024-04-25
814,Customer_814,customer814@example.com,22,M,Low,2024-06-11
815,Customer_815,customer815@example.com,36,F,Low,2024-08-13
816,Customer_816,customer816@example.com,39,M,Low,2024-08-17
817,Customer_817,customer817@example.com,76,F,Medium,2024-06-30
818,Customer_818,customer818@example.com,77,F,Medium,2024-09-05
819,Customer_819,customer819@example.com,36,F,Low,2024-11-13
820,Customer_820,customer820@example.com,79,F,Medium,2024-07-28
821,Customer_821,customer821@example.com,64,F,Medium,2024-05-23
822,Customer_822,customer822@example.com,79,F,Medium,2024-12-10
823,Customer_823,customer823@example.com,33,M,Low,2024-04-05
824,Customer_824,customer824@example.com,41,F,High,2024-12-11
825,Customer_825,customer825@example.com,58,F,High,2024-08-31
826,Customer_826,customer826@example.com,21,M,High,2024-03-26
827,Customer_827,customer827@example.com,32,F,Low,2024-07-02
828,Customer_828,customer828@example.com,42,M,Medium,2024-04-30
829,Customer_829,customer829@example.com,61,F,Medium,2024-11-27
830,Customer_830,customer830@example.com,72,M,Low,2024-04-01
831,Customer_831,customer831@example.com,52,M,Low,2024-03-10
832,Customer_832,customer832@example.com,72,F,High,2024-05-12
833,Customer_833,customer833@example.com,31,F,High,2024-10-05
834,Customer_834,customer834@example.com,66,F,Low,2024-05-16
835,Customer_835,customer835@example.com,36,F,High,2024-11-09
836,Customer_836,customer836@example.com,55,M,Medium,2024-07-05
837,Customer_837,customer837@example.com,53,M,Low,2024-08-08
838,Customer_838,customer838@example.com,24,M,Low,2024-02-15
839,Customer_839,customer839@example.com,47,F,Medium,2024-10-04
840,Customer_840,customer840@example.com,36,M,Medium,2024-07-10
841,Customer_841,customer841@example.com,66,F,Medium,2024-01-08
842,Customer_842,customer842@example.com,42,F,High,2024-10-02
843,Customer_843,customer843@example.com,33,M,Low,2024-06-27
844,Customer_844,customer844@example.com,64,F,High,2024-11-29
845,Customer_845,customer845@example.com,71,M,Medium,2024-02-08
846,Customer_846,customer846@example.com,57,F,High,2024-10-19
847,Customer_847,customer847@example.com,68,M,Medium,2024-06-26
848,Customer_848,customer848@example.com,25,F,High,2024-06-10
849,Customer_849,customer849@example.com,35,M,High,2024-11-26
850,Customer_850,customer850@example.com,45,M,Medium,2024-04-13
851,Customer_851,customer851@example.com,33,F,High,2024-06-09
852,Customer_852,customer852@example.com,69,F,Low,2024-10-13
853,Customer_853,customer853@example.com,36,M,High,2024-05-02
854,Customer_854,customer854@example.com,59,F,High,2024-02-23
855,Customer_855,customer855@example.com,34,F,Low,2024-02-03
856,Customer_856,customer856@example.com,62,F,Medium,2024-08-29
857,Customer_857,customer857@example.com,30,M,Low,2024-04-22
858,Customer_858,customer858@example.com,24,M,High,2024-11-13
859,Customer_859,customer859@example.com,44,F,Medium,2024-01-23
860,Customer_860,customer860@example.com,27,F,High,2024-02-15
861,Customer_861,customer861@example.com,51,M,High,2024-11-07
862,Customer_862,customer862@example.com,53,F,Low,2024-05-14
863,Customer_863,customer863@example.com,42,M,Low,2024-04-27
864,Customer_864,customer864@example.com,23,F,Medium,2024-07-07
865,Customer_865,customer865@example.com,41,F,Medium,2024-05-10
866,Customer_866,customer866@example.com,35,F,Medium,2024-07-30
867,Customer_867,customer867@example.com,40,M,High,2024-04-22
868,Customer_868,customer868@example.com,23,M,Low,2024-02-13
869,Customer_869,customer869@example.com,46,M,Low,2024-05-07
870,Customer_870,customer870@example.com,79,M,Low,2024-12-29
871,Customer_871,customer871@example.com,42,F,Medium,2024-06-06
872,Customer_872,customer872@example.com,72,F,Low,2024-09-29
873,Customer_873,customer873@example.com,34,M,Low,2024-11-10
874,Customer_874,customer874@example.com,63,F,Low,2024-12-20
875,Customer_875,customer875@example.com,41,F,Medium,2024-12-05
876,Customer_876,customer876@example.com,28,M,Low,2024-02-14
877,Customer_877,customer877@example.com,43,F,Medium,2024-04-17
878,Customer_878,customer878@example.com,68,F,Low,2024-08-06
879,Customer_879,customer879@example.com,79,M,Low,2024-11-13
880,Customer_880,customer880@example.com,51,F,Low,2024-11-10
881,Customer_881,customer881@example.com,45,F,Medium,2024-06-25
882,Customer_882,customer882@example.com,20,F,Medium,2024-08-15
883,Customer_883,customer883@example.com,28,M,Low,2024-07-09
884,Customer_884,customer884@example.com,55,M,High,2024-06-08
885,Customer_885,customer885@example.com,78,F,Medium,2024-09-23
886,Customer_886,customer886@example.com,31,F,Medium,2024-12-23
887,Customer_887,customer887@example.com,68,F,Low,2024-11-21
888,Customer_888,customer888@example.com,43,M,High,2024-07-08
889,Customer_889,customer889@example.com,65,M,Low,2024-06-23
890,Customer_890,customer890@example.com,38,M,Medium,2024-10-16
891,Customer_891,customer891@example.com,71,F,Medium,2024-12-22
892,Customer_892,customer892@example.com,73,F,Low,2024-05-24
893,Customer_893,customer893@example.com,56,F,Low,2024-08-19
894,Customer_894,customer894@example.com,47,F,High,2024-12-25
895,Customer_895,customer895@example.com,76,F,High,2024-07-22
896,Customer_896,customer896@example.com,25,M,Medium,2024-07-31
897,Customer_897,customer897@example.com,68,F,High,2024-02-09
898,Customer_898,customer898@example.com,37,F,High,2024-10-01
899,Customer_899,customer899@example.com,65,F,Medium,2024-11-18
900,Customer_900,customer900@example.com,49,M,Medium,2024-03-22
901,Customer_901,customer901@example.com,39,F,Medium,2024-06-29
902,Customer_902,customer902@example.com,76,M,Medium,2024-11-15
903,Customer_903,customer903@example.com,24,M,Low,2024-03-23
904,Customer_904,customer904@example.com,26,M,Medium,2024-10-29
905,Customer_905,customer905@example.com,62,M,Medium,2024-09-18
906,Customer_906,customer906@example.com,18,M,Medium,2024-09-28
907,Customer_907,customer907@example.com,46,F,High,2024-07-18
908,Customer_908,customer908@example.com,25,F,Medium,2024-08-27
909,Customer_909,customer909@example.com,73,M,Low,2024-06-28
910,Customer_910,customer910@example.com,71,M,Low,2024-06-19
911,Customer_911,customer911@example.com,21,M,Medium,2024-10-21
912,Customer_912,customer912@example.com,52,F,Low,2024-06-25
913,Customer_913,customer913@example.com,76,F,High,2024-08-24
914,Customer_914,customer914@example.com,20,M,Medium,2024-05-17
915,Customer_915,customer915@example.com,71,F,Low,2024-11-22
916,Customer_916,customer916@example.com,62,F,Low,2024-12-31
917,Customer_917,customer917@example.com,57,M,Medium,2024-11-06
918,Customer_918,customer918@example.com,24,M,Low,2024-05-08
919,Customer_919,customer919@example.com,44,F,Medium,2024-02-18
920,Customer_920,customer920@example.com,18,F,Low,2024-06-12
921,Customer_921,customer921@example.com,44,F,High,2024-10-03
922,Customer_922,customer922@example.com,33,M,Low,2024-10-19
923,Customer_923,customer923@example.com,55,M,Low,2024-04-25
924,Customer_924,customer924@example.com,24,M,Medium,2024-01-24
925,Customer_925,customer925@example.com,61,F,Low,2024-11-06
926,Customer_926,customer926@example.com,40,F,Medium,2024-01-25
927,Customer_927,customer927@example.com,58,M,High,2024-05-06
928,Customer_928,customer928@example.com,76,F,Medium,2024-08-21
929,Customer_929,customer929@example.com,28,M,Medium,2024-07-27
930,Customer_930,customer930@example.com,59,F,Low,2024-04-02
931,Customer_931,customer931@example.com,70,M,High,2024-04-03
932,Customer_932,customer932@example.com,50,F,Medium,2024-11-22
933,Customer_933,customer933@example.com,67,F,Low,2024-08-12
934,Customer_934,customer934@example.com,53,M,Low,2024-10-06
935,Customer_935,customer935@example.com,54,M,Medium,2024-01-11
936,Customer_936,customer936@example.com,58,M,Low,2024-11-24
937,Customer_937,customer937@example.com,76,M,Medium,2024-01-12
938,Customer_938,customer938@example.com,34,M,Medium,2024-02-04
939,Customer_939,customer939@example.com,52,F,Medium,2024-08-15
940,Customer_940,customer940@example.com,65,M,High,2024-08-07
941,Customer_941,customer941@example.com,22,M,Medium,2024-05-20
942,Customer_942,customer942@example.com,65,M,Low,2024-01-23
943,Customer_943,customer943@example.com,49,M,High,2024-03-23
944,Customer_944,customer944@example.com,20,M,Low,2024-08-16
945,Customer_945,customer945@example.com,69,F,High,2024-12-09
946,Customer_946,customer946@example.com,64,M,High,2024-03-20
947,Customer_947,customer947@example.com,79,M,High,2024-12-18
948,Customer_948,customer948@example.com,52,M,High,2024-10-16
949,Customer_949,customer949@example.com,69,F,Low,2024-11-26
950,Customer_950,customer950@example.com,31,F,Medium,2024-06-07
951,Customer_951,customer951@example.com,65,M,Low,2024-05-07
952,Customer_952,customer952@example.com,78,M,Medium,2024-07-08
953,Customer_953,customer953@example.com,78,F,Low,2024-01-31
954,Customer_954,customer954@example.com,48,F,High,2024-12-24
955,Customer_955,customer955@example.com,48,F,High,2024-01-15
956,Customer_956,customer956@example.com,34,M,Medium,2024-11-08
957,Customer_957,customer957@example.com,77,M,Medium,2024-03-15
958,Customer_958,customer958@example.com,41,F,Low,2024-02-03
959,Customer_959,customer959@example.com,69,M,Medium,2024-12-24
960,Customer_960,customer960@example.com,40,F,Low,2024-07-14
961,Customer_961,customer961@example.com,35,F,Medium,2024-11-26
962,Customer_962,customer962@example.com,67,F,Medium,2024-01-29
963,Customer_963,customer963@example.com,71,M,Medium,2024-07-12
964,Customer_964,customer964@example.com,31,F,High,2024-01-16
965,Customer_965,customer965@example.com,67,F,High,2024-03-17
966,Customer_966,customer966@example.com,32,M,Low,2024-10-19
967,Customer_967,customer967@example.com,32,F,Medium,2024-03-21
968,Customer_968,customer968@example.com,23,M,Low,2024-05-03
969,Customer_969,customer969@example.com,44,F,Medium,2024-01-19
970,Customer_970,customer970@example.com,32,M,High,2024-04-11
971,Customer_971,customer971@example.com,67,F,High,2024-03-17
972,Customer_972,customer972@example.com,53,F,Medium,2024-08-16
973,Customer_973,customer973@example.com,72,F,Medium,2024-10-23
974,Customer_974,customer974@example.com,25,F,High,2024-07-21
975,Customer_975,customer975@example.com,32,F,High,2024-03-01
976,Customer_976,customer976@example.com,20,M,Low,2024-01-26
977,Customer_977,customer977@example.com,79,M,High,2024-03-11
978,Customer_978,customer978@example.com,64,F,Medium,2024-04-12
979,Customer_979,customer979@example.com,30,F,Low,2024-11-21
980,Customer_980,customer980@example.com,58,F,Medium,2024-12-28
981,Customer_981,customer981@example.com,51,M,Low,2024-06-05
982,Customer_982,customer982@example.com,41,M,Medium,2024-12-28
983,Customer_983,customer983@example.com,57,F,High,2024-12-24
984,Customer_984,customer984@example.com,49,M,Medium,2024-07-12
985,Customer_985,customer985@example.com,78,F,Low,2024-10-01
986,Customer_986,customer986@example.com,49,F,Medium,2024-11-19
987,Customer_987,customer987@example.com,47,F,Low,2024-07-04
988,Customer_988,customer988@example.com,69,M,Medium,2024-11-21
989,Customer_989,customer989@example.com,66,F,High,2024-04-22
990,Customer_990,customer990@example.com,30,F,High,2024-11-08
991,Customer_991,customer991@example.com,18,F,Medium,2024-06-13
992,Customer_992,customer992@example.com,51,M,Medium,2024-03-01
993,Customer_993,customer993@example.com,79,M,Medium,2024-04-01
994,Customer_994,customer994@example.com,32,M,Low,2024-10-12
995,Customer_995,customer995@example.com,61,F,Medium,2024-06-01
996,Customer_996,customer996@example.com,31,M,Medium,2024-08-12
997,Customer_997,customer997@example.com,74,F,Low,2024-05-06
998,Customer_998,customer998@example.com,46,M,High,2024-07-11
999,Customer_999,customer999@example.com,51,F,Medium,2024-04-24
1000,Customer_1000,customer1000@example.com,35,M,Medium,2024-09-18
