feedback_id,customer_id,product_id,rating,comment,feedback_date
1,950,68,4,Feedback comment 1,2024-05-26
2,637,32,2,Feedback comment 2,2024-04-20
3,112,66,3,Feedback comment 3,2024-12-28
4,784,29,5,Feedback comment 4,2024-12-23
5,593,66,2,Feedback comment 5,2024-08-25
6,246,34,4,Feedback comment 6,2024-01-03
7,859,27,1,Feedback comment 7,2024-07-29
8,391,60,4,Feedback comment 8,2024-01-25
9,392,39,5,Feedback comment 9,2024-11-26
10,328,44,4,Feedback comment 10,2024-07-02
11,215,82,5,Feedback comment 11,2024-03-01
12,864,36,2,Feedback comment 12,2024-05-02
13,747,19,4,Feedback comment 13,2024-02-24
14,367,91,3,Feedback comment 14,2024-06-11
15,82,45,3,Feedback comment 15,2024-07-05
16,806,84,4,Feedback comment 16,2024-02-08
17,822,21,4,Feedback comment 17,2024-07-03
18,76,23,1,Feedback comment 18,2024-03-23
19,527,94,4,Feedback comment 19,2024-07-13
20,732,89,1,Feedback comment 20,2024-02-03
21,503,95,1,Feedback comment 21,2024-04-22
22,742,27,1,Feedback comment 22,2024-08-17
23,946,98,1,Feedback comment 23,2024-10-09
24,952,72,2,Feedback comment 24,2024-10-13
25,479,19,3,Feedback comment 25,2024-06-03
26,372,41,1,Feedback comment 26,2024-06-13
27,265,26,3,Feedback comment 27,2024-06-30
28,264,28,1,Feedback comment 28,2024-08-26
29,110,64,3,Feedback comment 29,2024-05-16
30,915,68,4,Feedback comment 30,2024-12-04
31,307,95,4,Feedback comment 31,2024-09-22
32,200,80,3,Feedback comment 32,2024-07-05
33,226,51,1,Feedback comment 33,2024-02-09
34,185,74,2,Feedback comment 34,2024-11-05
35,964,48,3,Feedback comment 35,2024-06-15
36,31,10,5,Feedback comment 36,2024-09-16
37,614,73,2,Feedback comment 37,2024-05-22
38,771,39,5,Feedback comment 38,2024-07-22
39,99,100,3,Feedback comment 39,2024-06-24
40,339,100,1,Feedback comment 40,2024-09-18
41,811,19,5,Feedback comment 41,2024-09-08
42,797,64,3,Feedback comment 42,2024-11-24
43,266,19,2,Feedback comment 43,2024-07-18
44,652,76,1,Feedback comment 44,2024-07-17
45,814,62,5,Feedback comment 45,2024-07-14
46,798,13,3,Feedback comment 46,2024-11-09
47,350,25,1,Feedback comment 47,2024-03-17
48,978,100,1,Feedback comment 48,2024-01-19
49,728,89,4,Feedback comment 49,2024-03-02
50,544,92,1,Feedback comment 50,2024-11-22
51,457,42,3,Feedback comment 51,2024-10-07
52,815,39,2,Feedback comment 52,2024-09-06
53,88,30,4,Feedback comment 53,2024-08-14
54,63,5,3,Feedback comment 54,2024-05-06
55,922,81,3,Feedback comment 55,2024-02-27
56,387,18,3,Feedback comment 56,2024-07-22
57,791,21,5,Feedback comment 57,2024-08-30
58,459,86,5,Feedback comment 58,2024-11-27
59,586,50,2,Feedback comment 59,2024-11-21
60,818,6,3,Feedback comment 60,2024-09-08
61,932,50,5,Feedback comment 61,2024-11-17
62,636,80,5,Feedback comment 62,2024-07-17
63,269,66,5,Feedback comment 63,2024-12-08
64,894,1,2,Feedback comment 64,2024-08-27
65,797,57,2,Feedback comment 65,2024-05-18
66,934,30,3,Feedback comment 66,2024-05-01
67,973,58,4,Feedback comment 67,2024-02-18
68,633,52,3,Feedback comment 68,2024-10-30
69,346,37,5,Feedback comment 69,2024-04-24
70,724,48,5,Feedback comment 70,2024-12-08
71,901,87,1,Feedback comment 71,2024-09-07
72,660,1,3,Feedback comment 72,2024-01-07
73,78,19,5,Feedback comment 73,2024-08-06
74,365,46,5,Feedback comment 74,2024-03-17
75,14,67,4,Feedback comment 75,2024-06-27
76,136,2,1,Feedback comment 76,2024-05-24
77,304,56,3,Feedback comment 77,2024-06-02
78,397,17,2,Feedback comment 78,2024-04-30
79,792,92,3,Feedback comment 79,2024-05-03
80,79,82,3,Feedback comment 80,2024-05-29
81,755,97,4,Feedback comment 81,2024-09-24
82,705,79,3,Feedback comment 82,2024-11-22
83,982,22,4,Feedback comment 83,2024-01-01
84,418,27,4,Feedback comment 84,2024-06-09
85,242,55,5,Feedback comment 85,2024-08-31
86,51,32,2,Feedback comment 86,2024-09-07
87,744,60,4,Feedback comment 87,2024-03-04
88,771,83,1,Feedback comment 88,2024-10-25
89,384,28,1,Feedback comment 89,2024-09-04
90,375,28,2,Feedback comment 90,2024-10-23
91,730,74,4,Feedback comment 91,2024-04-24
92,206,84,2,Feedback comment 92,2024-10-21
93,826,25,5,Feedback comment 93,2024-01-01
94,489,85,1,Feedback comment 94,2024-02-10
95,381,78,3,Feedback comment 95,2024-06-21
96,968,86,1,Feedback comment 96,2024-03-28
97,881,26,4,Feedback comment 97,2024-04-07
98,311,75,2,Feedback comment 98,2024-03-28
99,375,71,1,Feedback comment 99,2024-09-07
100,632,17,3,Feedback comment 100,2024-11-30
101,592,82,3,Feedback comment 101,2024-05-20
102,42,7,2,Feedback comment 102,2024-03-11
103,533,56,2,Feedback comment 103,2024-05-16
104,522,64,1,Feedback comment 104,2024-04-08
105,825,20,4,Feedback comment 105,2024-05-30
106,153,38,5,Feedback comment 106,2024-06-23
107,312,75,3,Feedback comment 107,2024-06-15
108,294,58,2,Feedback comment 108,2024-12-08
109,598,16,5,Feedback comment 109,2024-09-13
110,113,51,5,Feedback comment 110,2024-08-11
111,701,27,5,Feedback comment 111,2024-11-25
112,112,51,4,Feedback comment 112,2024-03-05
113,175,75,2,Feedback comment 113,2024-03-09
114,822,16,3,Feedback comment 114,2024-03-07
115,302,87,2,Feedback comment 115,2024-02-19
116,964,60,1,Feedback comment 116,2024-11-09
117,516,76,3,Feedback comment 117,2024-11-04
118,734,40,2,Feedback comment 118,2024-03-31
119,962,67,3,Feedback comment 119,2024-04-24
120,221,2,1,Feedback comment 120,2024-02-26
121,171,48,3,Feedback comment 121,2024-12-07
122,318,52,5,Feedback comment 122,2024-01-18
123,996,24,4,Feedback comment 123,2024-09-28
124,213,93,1,Feedback comment 124,2024-05-09
125,253,98,3,Feedback comment 125,2024-09-25
126,124,84,1,Feedback comment 126,2024-03-20
127,640,82,5,Feedback comment 127,2024-10-25
128,213,78,4,Feedback comment 128,2024-11-05
129,624,82,1,Feedback comment 129,2024-07-20
130,85,2,5,Feedback comment 130,2024-08-12
131,516,65,5,Feedback comment 131,2024-06-07
132,65,20,5,Feedback comment 132,2024-07-22
133,318,34,3,Feedback comment 133,2024-05-16
134,346,41,2,Feedback comment 134,2024-03-13
135,632,41,1,Feedback comment 135,2024-02-17
136,243,75,2,Feedback comment 136,2024-01-18
137,898,91,5,Feedback comment 137,2024-09-23
138,137,23,2,Feedback comment 138,2024-12-05
139,247,38,5,Feedback comment 139,2024-01-19
140,441,44,5,Feedback comment 140,2024-04-09
141,45,67,4,Feedback comment 141,2024-04-25
142,658,62,4,Feedback comment 142,2024-12-11
143,880,12,2,Feedback comment 143,2024-03-14
144,688,30,1,Feedback comment 144,2024-10-06
145,554,95,2,Feedback comment 145,2024-09-25
146,809,87,1,Feedback comment 146,2024-05-04
147,971,65,2,Feedback comment 147,2024-04-25
148,89,41,3,Feedback comment 148,2024-06-22
149,730,20,3,Feedback comment 149,2024-06-29
150,954,6,1,Feedback comment 150,2024-08-13
151,228,75,4,Feedback comment 151,2024-06-05
152,810,99,1,Feedback comment 152,2024-06-12
153,291,4,2,Feedback comment 153,2024-03-11
154,422,93,5,Feedback comment 154,2024-08-09
155,67,10,3,Feedback comment 155,2024-05-05
156,251,51,5,Feedback comment 156,2024-05-24
157,41,93,3,Feedback comment 157,2024-06-24
158,99,38,2,Feedback comment 158,2024-05-31
159,306,1,3,Feedback comment 159,2024-06-30
160,872,8,1,Feedback comment 160,2024-12-12
161,854,81,5,Feedback comment 161,2024-03-25
162,456,83,5,Feedback comment 162,2024-12-29
163,591,63,2,Feedback comment 163,2024-04-30
164,301,33,5,Feedback comment 164,2024-05-08
165,199,15,2,Feedback comment 165,2024-01-06
166,659,31,4,Feedback comment 166,2024-11-29
167,488,21,1,Feedback comment 167,2024-07-01
168,106,3,3,Feedback comment 168,2024-02-07
169,401,66,3,Feedback comment 169,2024-04-25
170,705,35,3,Feedback comment 170,2024-04-11
171,477,41,4,Feedback comment 171,2024-01-08
172,122,59,1,Feedback comment 172,2024-08-05
173,77,16,5,Feedback comment 173,2024-07-25
174,312,56,5,Feedback comment 174,2024-03-18
175,112,45,1,Feedback comment 175,2024-02-24
176,861,59,1,Feedback comment 176,2024-10-30
177,809,50,3,Feedback comment 177,2024-08-15
178,682,85,5,Feedback comment 178,2024-03-28
179,518,12,1,Feedback comment 179,2024-01-10
180,197,92,5,Feedback comment 180,2024-11-03
181,98,12,1,Feedback comment 181,2024-10-16
182,459,33,2,Feedback comment 182,2024-06-12
183,841,84,3,Feedback comment 183,2024-08-26
184,230,49,1,Feedback comment 184,2024-11-12
185,168,21,4,Feedback comment 185,2024-05-23
186,809,60,1,Feedback comment 186,2024-11-30
187,777,52,2,Feedback comment 187,2024-01-18
188,8,54,4,Feedback comment 188,2024-03-11
189,172,39,4,Feedback comment 189,2024-06-23
190,954,49,1,Feedback comment 190,2024-12-07
191,360,64,2,Feedback comment 191,2024-10-14
192,195,100,4,Feedback comment 192,2024-10-25
193,269,86,3,Feedback comment 193,2024-12-04
194,19,26,3,Feedback comment 194,2024-09-04
195,354,71,5,Feedback comment 195,2024-07-11
196,864,7,5,Feedback comment 196,2024-11-20
197,49,72,2,Feedback comment 197,2024-11-01
198,464,62,4,Feedback comment 198,2024-09-24
199,356,90,3,Feedback comment 199,2024-07-22
200,850,88,3,Feedback comment 200,2024-12-06
201,974,24,2,Feedback comment 201,2024-05-02
202,158,40,4,Feedback comment 202,2024-02-27
203,66,76,2,Feedback comment 203,2024-12-04
204,973,47,1,Feedback comment 204,2024-07-19
205,859,8,3,Feedback comment 205,2024-04-21
206,571,54,2,Feedback comment 206,2024-05-07
207,821,9,2,Feedback comment 207,2024-02-05
208,308,3,1,Feedback comment 208,2024-08-21
209,337,54,5,Feedback comment 209,2024-11-05
210,671,21,3,Feedback comment 210,2024-02-16
211,783,95,2,Feedback comment 211,2024-04-24
212,121,48,3,Feedback comment 212,2024-09-11
213,766,47,5,Feedback comment 213,2024-08-10
214,404,88,2,Feedback comment 214,2024-05-03
215,773,68,1,Feedback comment 215,2024-06-08
216,647,84,3,Feedback comment 216,2024-04-05
217,786,63,1,Feedback comment 217,2024-04-16
218,568,16,5,Feedback comment 218,2024-04-29
219,843,74,5,Feedback comment 219,2024-04-10
220,96,90,3,Feedback comment 220,2024-04-12
221,114,93,5,Feedback comment 221,2024-06-14
222,987,5,4,Feedback comment 222,2024-07-04
223,986,11,3,Feedback comment 223,2024-02-01
224,869,29,4,Feedback comment 224,2024-03-06
225,429,79,5,Feedback comment 225,2024-06-27
226,540,70,3,Feedback comment 226,2024-09-23
227,818,48,4,Feedback comment 227,2024-02-06
228,2,15,5,Feedback comment 228,2024-07-19
229,212,84,2,Feedback comment 229,2024-12-23
230,580,34,2,Feedback comment 230,2024-02-18
231,640,60,1,Feedback comment 231,2024-10-01
232,333,62,2,Feedback comment 232,2024-06-16
233,24,2,4,Feedback comment 233,2024-09-19
234,765,80,2,Feedback comment 234,2024-05-12
235,368,19,3,Feedback comment 235,2024-10-24
236,742,98,3,Feedback comment 236,2024-12-09
237,506,49,3,Feedback comment 237,2024-06-24
238,1000,78,2,Feedback comment 238,2024-01-11
239,176,88,2,Feedback comment 239,2024-07-19
240,429,28,1,Feedback comment 240,2024-10-23
241,887,48,5,Feedback comment 241,2024-01-03
242,733,96,1,Feedback comment 242,2024-08-01
243,442,37,4,Feedback comment 243,2024-10-22
244,548,74,3,Feedback comment 244,2024-11-02
245,514,49,2,Feedback comment 245,2024-02-01
246,895,48,5,Feedback comment 246,2024-02-17
247,361,73,5,Feedback comment 247,2024-11-22
248,274,88,2,Feedback comment 248,2024-09-08
249,177,100,1,Feedback comment 249,2024-07-17
250,264,29,5,Feedback comment 250,2024-03-29
251,186,60,1,Feedback comment 251,2024-04-18
252,527,29,2,Feedback comment 252,2024-10-17
253,913,58,1,Feedback comment 253,2024-04-17
254,279,48,3,Feedback comment 254,2024-02-09
255,706,23,2,Feedback comment 255,2024-02-21
256,198,27,2,Feedback comment 256,2024-04-21
257,349,95,5,Feedback comment 257,2024-10-21
258,923,7,5,Feedback comment 258,2024-03-08
259,421,49,5,Feedback comment 259,2024-07-07
260,305,54,3,Feedback comment 260,2024-11-27
261,64,68,3,Feedback comment 261,2024-07-27
262,290,78,4,Feedback comment 262,2024-03-05
263,18,42,2,Feedback comment 263,2024-03-02
264,64,74,5,Feedback comment 264,2024-09-14
265,874,59,2,Feedback comment 265,2024-05-13
266,330,44,1,Feedback comment 266,2024-05-01
267,870,98,3,Feedback comment 267,2024-11-26
268,763,26,4,Feedback comment 268,2024-06-19
269,940,23,1,Feedback comment 269,2024-07-28
270,17,73,2,Feedback comment 270,2024-10-22
271,443,8,3,Feedback comment 271,2024-03-29
272,141,53,5,Feedback comment 272,2024-06-15
273,308,14,1,Feedback comment 273,2024-01-28
274,444,71,3,Feedback comment 274,2024-08-25
275,496,7,2,Feedback comment 275,2024-12-01
276,426,9,2,Feedback comment 276,2024-03-03
277,475,3,1,Feedback comment 277,2024-09-11
278,832,78,1,Feedback comment 278,2024-02-10
279,245,17,1,Feedback comment 279,2024-01-29
280,450,44,4,Feedback comment 280,2024-10-05
281,802,86,5,Feedback comment 281,2024-03-20
282,351,46,3,Feedback comment 282,2024-02-20
283,599,90,2,Feedback comment 283,2024-04-21
284,711,58,2,Feedback comment 284,2024-12-26
285,870,28,5,Feedback comment 285,2024-10-27
286,960,14,1,Feedback comment 286,2024-03-30
287,161,9,1,Feedback comment 287,2024-08-16
288,140,26,2,Feedback comment 288,2024-05-29
289,493,2,5,Feedback comment 289,2024-08-30
290,588,75,2,Feedback comment 290,2024-05-17
291,531,81,1,Feedback comment 291,2024-05-14
292,393,34,3,Feedback comment 292,2024-03-29
293,842,19,1,Feedback comment 293,2024-01-15
294,401,39,3,Feedback comment 294,2024-11-28
295,50,82,4,Feedback comment 295,2024-12-27
296,744,13,5,Feedback comment 296,2024-06-22
297,295,5,4,Feedback comment 297,2024-03-30
298,425,50,1,Feedback comment 298,2024-07-31
299,906,23,5,Feedback comment 299,2024-12-08
300,12,88,1,Feedback comment 300,2024-03-01
301,335,29,5,Feedback comment 301,2024-12-29
302,991,72,5,Feedback comment 302,2024-08-07
303,15,26,1,Feedback comment 303,2024-03-01
304,28,79,1,Feedback comment 304,2024-11-02
305,388,57,5,Feedback comment 305,2024-06-14
306,292,1,5,Feedback comment 306,2024-01-12
307,887,28,1,Feedback comment 307,2024-08-03
308,833,62,1,Feedback comment 308,2024-03-17
309,250,47,2,Feedback comment 309,2024-08-19
310,505,78,2,Feedback comment 310,2024-04-21
311,98,98,2,Feedback comment 311,2024-03-06
312,815,59,4,Feedback comment 312,2024-06-30
313,337,31,5,Feedback comment 313,2024-07-22
314,39,70,3,Feedback comment 314,2024-07-24
315,38,49,4,Feedback comment 315,2024-10-12
316,300,5,5,Feedback comment 316,2024-04-14
317,179,31,3,Feedback comment 317,2024-08-29
318,609,37,2,Feedback comment 318,2024-08-22
319,892,79,3,Feedback comment 319,2024-06-24
320,469,15,1,Feedback comment 320,2024-07-29
321,282,52,1,Feedback comment 321,2024-01-31
322,750,69,5,Feedback comment 322,2024-08-22
323,164,92,4,Feedback comment 323,2024-08-29
324,453,97,2,Feedback comment 324,2024-06-01
325,97,11,5,Feedback comment 325,2024-07-14
326,769,43,2,Feedback comment 326,2024-09-25
327,309,70,1,Feedback comment 327,2024-06-18
328,262,23,4,Feedback comment 328,2024-12-22
329,293,40,4,Feedback comment 329,2024-11-18
330,770,63,1,Feedback comment 330,2024-12-01
331,249,2,3,Feedback comment 331,2024-08-19
332,245,79,4,Feedback comment 332,2024-07-02
333,251,87,3,Feedback comment 333,2024-12-24
334,123,86,2,Feedback comment 334,2024-10-01
335,325,73,4,Feedback comment 335,2024-02-01
336,986,47,1,Feedback comment 336,2024-06-25
337,681,30,3,Feedback comment 337,2024-03-05
338,947,16,2,Feedback comment 338,2024-07-16
339,501,59,2,Feedback comment 339,2024-01-27
340,687,47,4,Feedback comment 340,2024-05-30
341,781,30,4,Feedback comment 341,2024-10-29
342,716,9,5,Feedback comment 342,2024-09-24
343,837,65,5,Feedback comment 343,2024-03-25
344,66,59,4,Feedback comment 344,2024-03-06
345,827,64,5,Feedback comment 345,2024-05-12
346,836,8,1,Feedback comment 346,2024-12-31
347,59,52,1,Feedback comment 347,2024-03-22
348,731,18,5,Feedback comment 348,2024-11-14
349,498,91,4,Feedback comment 349,2024-11-23
350,373,82,1,Feedback comment 350,2024-04-07
351,266,96,2,Feedback comment 351,2024-03-13
352,653,58,4,Feedback comment 352,2024-11-22
353,236,49,3,Feedback comment 353,2024-01-30
354,898,32,3,Feedback comment 354,2024-05-04
355,218,48,4,Feedback comment 355,2024-07-28
356,527,45,5,Feedback comment 356,2024-09-28
357,814,54,1,Feedback comment 357,2024-07-31
358,441,100,1,Feedback comment 358,2024-05-12
359,650,100,4,Feedback comment 359,2024-06-05
360,406,85,2,Feedback comment 360,2024-02-16
361,744,46,5,Feedback comment 361,2024-12-22
362,601,96,2,Feedback comment 362,2024-12-28
363,975,31,4,Feedback comment 363,2024-01-22
364,589,37,4,Feedback comment 364,2024-03-23
365,648,16,2,Feedback comment 365,2024-08-21
366,917,46,3,Feedback comment 366,2024-02-29
367,469,46,4,Feedback comment 367,2024-07-06
368,918,78,5,Feedback comment 368,2024-02-27
369,110,88,2,Feedback comment 369,2024-09-15
370,353,89,3,Feedback comment 370,2024-06-10
371,813,61,2,Feedback comment 371,2024-10-27
372,91,46,3,Feedback comment 372,2024-11-01
373,936,51,3,Feedback comment 373,2024-01-02
374,882,62,5,Feedback comment 374,2024-09-27
375,918,35,4,Feedback comment 375,2024-05-22
376,414,81,3,Feedback comment 376,2024-07-06
377,702,42,4,Feedback comment 377,2024-12-17
378,73,45,5,Feedback comment 378,2024-12-06
379,685,68,4,Feedback comment 379,2024-08-11
380,547,75,1,Feedback comment 380,2024-06-28
381,722,47,3,Feedback comment 381,2024-01-23
382,298,79,5,Feedback comment 382,2024-12-20
383,645,30,2,Feedback comment 383,2024-02-06
384,283,24,5,Feedback comment 384,2024-04-16
385,505,66,3,Feedback comment 385,2024-10-23
386,198,43,5,Feedback comment 386,2024-08-16
387,958,34,2,Feedback comment 387,2024-11-08
388,32,23,1,Feedback comment 388,2024-04-06
389,648,61,3,Feedback comment 389,2024-10-07
390,760,95,3,Feedback comment 390,2024-04-19
391,871,37,5,Feedback comment 391,2024-02-06
392,341,13,4,Feedback comment 392,2024-02-09
393,658,97,4,Feedback comment 393,2024-03-25
394,334,71,2,Feedback comment 394,2024-10-28
395,143,96,1,Feedback comment 395,2024-07-06
396,746,7,1,Feedback comment 396,2024-08-27
397,410,42,5,Feedback comment 397,2024-12-23
398,949,38,5,Feedback comment 398,2024-12-19
399,44,52,4,Feedback comment 399,2024-01-19
400,32,44,1,Feedback comment 400,2024-12-12
401,743,64,1,Feedback comment 401,2024-11-20
402,28,13,1,Feedback comment 402,2024-09-17
403,423,88,2,Feedback comment 403,2024-06-06
404,491,28,2,Feedback comment 404,2024-10-30
405,160,96,5,Feedback comment 405,2024-04-21
406,845,82,4,Feedback comment 406,2024-05-23
407,207,98,3,Feedback comment 407,2024-09-12
408,18,98,4,Feedback comment 408,2024-01-18
409,103,1,2,Feedback comment 409,2024-07-02
410,582,43,2,Feedback comment 410,2024-10-13
411,631,42,5,Feedback comment 411,2024-05-10
412,651,95,3,Feedback comment 412,2024-10-07
413,672,50,1,Feedback comment 413,2024-09-01
414,232,60,3,Feedback comment 414,2024-01-08
415,660,1,3,Feedback comment 415,2024-07-11
416,865,51,3,Feedback comment 416,2024-11-13
417,424,16,5,Feedback comment 417,2024-01-07
418,904,39,2,Feedback comment 418,2024-05-15
419,755,15,1,Feedback comment 419,2024-01-19
420,547,33,3,Feedback comment 420,2024-05-18
421,837,87,1,Feedback comment 421,2024-06-25
422,894,53,3,Feedback comment 422,2024-01-11
423,867,98,2,Feedback comment 423,2024-02-10
424,239,17,1,Feedback comment 424,2024-04-23
425,334,89,4,Feedback comment 425,2024-06-28
426,149,6,2,Feedback comment 426,2024-07-12
427,623,31,1,Feedback comment 427,2024-07-14
428,408,69,3,Feedback comment 428,2024-12-13
429,17,40,3,Feedback comment 429,2024-08-12
430,914,30,2,Feedback comment 430,2024-11-26
431,226,69,2,Feedback comment 431,2024-11-18
432,652,76,3,Feedback comment 432,2024-09-17
433,656,7,1,Feedback comment 433,2024-04-25
434,260,13,4,Feedback comment 434,2024-05-29
435,729,4,5,Feedback comment 435,2024-04-27
436,674,50,2,Feedback comment 436,2024-06-13
437,604,3,3,Feedback comment 437,2024-09-08
438,174,12,1,Feedback comment 438,2024-09-23
439,843,65,2,Feedback comment 439,2024-02-13
440,205,27,1,Feedback comment 440,2024-06-29
441,415,50,2,Feedback comment 441,2024-03-17
442,508,77,3,Feedback comment 442,2024-04-25
443,153,17,1,Feedback comment 443,2024-03-07
444,103,72,3,Feedback comment 444,2024-01-13
445,714,32,1,Feedback comment 445,2024-04-01
446,792,84,2,Feedback comment 446,2024-09-02
447,65,51,5,Feedback comment 447,2024-09-23
448,117,17,5,Feedback comment 448,2024-05-18
449,665,34,4,Feedback comment 449,2024-12-06
450,156,35,4,Feedback comment 450,2024-08-31
451,676,99,3,Feedback comment 451,2024-12-06
452,82,24,1,Feedback comment 452,2024-09-29
453,518,54,4,Feedback comment 453,2024-10-30
454,834,18,2,Feedback comment 454,2024-07-09
455,67,50,5,Feedback comment 455,2024-04-06
456,238,46,1,Feedback comment 456,2024-11-26
457,584,48,5,Feedback comment 457,2024-07-23
458,607,33,1,Feedback comment 458,2024-05-16
459,816,87,4,Feedback comment 459,2024-03-17
460,979,89,4,Feedback comment 460,2024-02-06
461,326,27,3,Feedback comment 461,2024-10-12
462,590,1,1,Feedback comment 462,2024-10-29
463,67,85,2,Feedback comment 463,2024-05-14
464,176,59,4,Feedback comment 464,2024-05-21
465,833,10,3,Feedback comment 465,2024-09-10
466,684,95,4,Feedback comment 466,2024-02-17
467,478,25,5,Feedback comment 467,2024-09-11
468,255,84,4,Feedback comment 468,2024-05-13
469,63,57,1,Feedback comment 469,2024-10-16
470,814,66,3,Feedback comment 470,2024-07-26
471,403,15,1,Feedback comment 471,2024-04-10
472,758,28,2,Feedback comment 472,2024-02-15
473,192,13,2,Feedback comment 473,2024-03-10
474,979,14,4,Feedback comment 474,2024-05-15
475,329,66,3,Feedback comment 475,2024-10-06
476,71,34,3,Feedback comment 476,2024-03-07
477,878,99,3,Feedback comment 477,2024-01-04
478,741,25,3,Feedback comment 478,2024-08-11
479,946,54,4,Feedback comment 479,2024-01-01
480,63,79,1,Feedback comment 480,2024-10-16
481,297,12,4,Feedback comment 481,2024-04-18
482,245,9,1,Feedback comment 482,2024-09-21
483,519,31,5,Feedback comment 483,2024-03-03
484,393,78,5,Feedback comment 484,2024-09-22
485,772,93,1,Feedback comment 485,2024-05-17
486,601,53,4,Feedback comment 486,2024-02-13
487,177,43,2,Feedback comment 487,2024-09-18
488,204,38,4,Feedback comment 488,2024-08-03
489,646,42,2,Feedback comment 489,2024-04-30
490,594,72,4,Feedback comment 490,2024-05-31
491,1000,48,3,Feedback comment 491,2024-07-31
492,533,67,3,Feedback comment 492,2024-08-21
493,911,66,5,Feedback comment 493,2024-12-16
494,128,16,5,Feedback comment 494,2024-04-20
495,195,83,1,Feedback comment 495,2024-12-26
496,194,94,2,Feedback comment 496,2024-11-15
497,184,16,3,Feedback comment 497,2024-08-09
498,247,31,4,Feedback comment 498,2024-08-13
499,873,58,1,Feedback comment 499,2024-07-28
500,872,28,4,Feedback comment 500,2024-03-11
